{"cameraMode":{"drawMode":0,"name":"Shaded","section":"Shading Mode"},"sceneLighting":false,"audioPlay":false,"sceneViewState":{"m_AlwaysRefresh":false,"showFog":true,"showSkybox":false,"showFlares":true,"showImageEffects":true,"showParticleSystems":true,"showVisualEffectGraphs":true,"m_FxEnabled":true},"in2DMode":false,"pivot":{"x":-0.0000209808349609375,"y":0.00001430511474609375,"z":-0.00005245208740234375},"rotation":{"x":0.33746129274368288,"y":0.10559071600437164,"z":-0.03812533989548683,"w":0.9346210956573486},"size":22.045412063598634,"orthographic":true}