{"cameraMode":{"drawMode":0,"name":"Shaded","section":"Shading Mode"},"sceneLighting":false,"audioPlay":false,"sceneViewState":{"m_AlwaysRefresh":false,"showFog":true,"showSkybox":false,"showFlares":true,"showImageEffects":true,"showParticleSystems":true,"showVisualEffectGraphs":true,"m_FxEnabled":true},"in2DMode":false,"pivot":{"x":0.010316848754882813,"y":0.000019073486328125,"z":-0.00006103515625},"rotation":{"x":0.33746129274368288,"y":0.10559071600437164,"z":-0.03812533989548683,"w":0.9346210956573486},"size":22.052438735961915,"orthographic":true}