{"cameraMode":{"drawMode":0,"name":"Shaded","section":"Shading Mode"},"sceneLighting":false,"audioPlay":false,"sceneViewState":{"m_AlwaysRefresh":false,"showFog":true,"showSkybox":false,"showFlares":true,"showImageEffects":true,"showParticleSystems":true,"showVisualEffectGraphs":true,"m_FxEnabled":true},"in2DMode":false,"pivot":{"x":-2.384185791015625e-7,"y":0.19627133011817933,"z":1.1920928955078126e-7},"rotation":{"x":0.36873698234558108,"y":0.039023518562316897,"z":-0.015496067702770234,"w":0.9285849928855896},"size":3.4524831771850588,"orthographic":true}