{"cameraMode":{"drawMode":0,"name":"Shaded","section":"Shading Mode"},"sceneLighting":false,"audioPlay":false,"sceneViewState":{"m_AlwaysRefresh":false,"showFog":true,"showSkybox":false,"showFlares":true,"showImageEffects":true,"showParticleSystems":true,"showVisualEffectGraphs":true,"m_FxEnabled":true},"in2DMode":false,"pivot":{"x":9.5367431640625e-7,"y":-2.7749645709991457,"z":0.0000667572021484375},"rotation":{"x":0.33746129274368288,"y":0.10559071600437164,"z":-0.03812533989548683,"w":0.9346210956573486},"size":21.456960678100587,"orthographic":true}