{"cameraMode":{"drawMode":0,"name":"Shaded","section":"Shading Mode"},"sceneLighting":false,"audioPlay":false,"sceneViewState":{"m_AlwaysRefresh":false,"showFog":true,"showSkybox":false,"showFlares":true,"showImageEffects":true,"showParticleSystems":true,"showVisualEffectGraphs":true,"m_FxEnabled":true},"in2DMode":false,"pivot":{"x":9.5367431640625e-7,"y":-2.7749645709991457,"z":0.0000667572021484375},"rotation":{"x":0.2292563021183014,"y":-0.2097572386264801,"z":0.050664663314819339,"w":0.9491451978683472},"size":21.456960678100587,"orthographic":true}