{"cameraMode":{"drawMode":0,"name":"Shaded","section":"Shading Mode"},"sceneLighting":false,"audioPlay":false,"sceneViewState":{"m_AlwaysRefresh":false,"showFog":true,"showSkybox":false,"showFlares":true,"showImageEffects":true,"showParticleSystems":true,"showVisualEffectGraphs":true,"m_FxEnabled":true},"in2DMode":false,"pivot":{"x":-0.00005054473876953125,"y":2.959639310836792,"z":-0.0000057220458984375},"rotation":{"x":0.36873698234558108,"y":0.039023518562316897,"z":-0.015496067702770234,"w":0.9285849928855896},"size":21.42998695373535,"orthographic":true}