{"cameraMode":{"drawMode":0,"name":"Shaded","section":"Shading Mode"},"sceneLighting":false,"audioPlay":false,"sceneViewState":{"m_AlwaysRefresh":false,"showFog":true,"showSkybox":false,"showFlares":true,"showImageEffects":true,"showParticleSystems":true,"showVisualEffectGraphs":true,"m_FxEnabled":true},"in2DMode":false,"pivot":{"x":0.000003814697265625,"y":7.541275501251221,"z":0.0000457763671875},"rotation":{"x":0.36873698234558108,"y":0.039023518562316897,"z":-0.015496067702770234,"w":0.9285849928855896},"size":43.13395309448242,"orthographic":true}