{"cameraMode":{"drawMode":0,"name":"Shaded","section":"Shading Mode"},"sceneLighting":true,"audioPlay":false,"sceneViewState":{"m_AlwaysRefresh":false,"showFog":true,"showSkybox":true,"showFlares":true,"showImageEffects":true,"showParticleSystems":true,"showVisualEffectGraphs":true,"m_FxEnabled":true},"in2DMode":false,"pivot":{"x":-46.880001068115237,"y":1.026977777481079,"z":17.444379806518556},"rotation":{"x":-0.23870998620986939,"y":-0.37042585015296938,"z":0.13848243653774262,"w":-0.892356276512146},"size":1.0976334810256959,"orthographic":false}