{"cameraMode":{"drawMode":0,"name":"Shaded","section":"Shading Mode"},"sceneLighting":true,"audioPlay":false,"sceneViewState":{"m_AlwaysRefresh":false,"showFog":true,"showSkybox":true,"showFlares":true,"showImageEffects":true,"showParticleSystems":true,"showVisualEffectGraphs":true,"m_FxEnabled":true},"in2DMode":false,"pivot":{"x":-42.25751495361328,"y":2.850306987762451,"z":23.999881744384767},"rotation":{"x":-0.16250762343406678,"y":-0.13322649896144868,"z":0.02895541302859783,"w":-0.9777985215187073},"size":2.8404781818389894,"orthographic":false}