{"cameraMode":{"drawMode":0,"name":"Shaded","section":"Shading Mode"},"sceneLighting":true,"audioPlay":false,"sceneViewState":{"m_AlwaysRefresh":false,"showFog":true,"showSkybox":true,"showFlares":true,"showImageEffects":true,"showParticleSystems":true,"showVisualEffectGraphs":true,"m_FxEnabled":true},"in2DMode":false,"pivot":{"x":-44.29999923706055,"y":0.922832727432251,"z":3.0243804454803469},"rotation":{"x":0.25384578108787539,"y":-0.3705838918685913,"z":0.056997235864400867,"w":0.8969045281410217},"size":1.6359457969665528,"orthographic":false}