{"cameraMode":{"drawMode":0,"name":"Shaded","section":"Shading Mode"},"sceneLighting":true,"audioPlay":false,"sceneViewState":{"m_AlwaysRefresh":false,"showFog":true,"showSkybox":true,"showFlares":true,"showImageEffects":true,"showParticleSystems":true,"showVisualEffectGraphs":true,"m_FxEnabled":true},"in2DMode":false,"pivot":{"x":-50.939083099365237,"y":1.6155810356140137,"z":12.417989730834961},"rotation":{"x":0.340390145778656,"y":-0.19926239550113679,"z":0.07403872162103653,"w":0.9159677624702454},"size":3.811333656311035,"orthographic":false}