{"cameraMode":{"drawMode":0,"name":"Shaded","section":"Shading Mode"},"sceneLighting":true,"audioPlay":false,"sceneViewState":{"m_AlwaysRefresh":false,"showFog":true,"showSkybox":true,"showFlares":true,"showImageEffects":true,"showParticleSystems":true,"showVisualEffectGraphs":true,"m_FxEnabled":true},"in2DMode":false,"pivot":{"x":-47.86000061035156,"y":4.7860002517700199,"z":26.309829711914064},"rotation":{"x":-0.058163464069366458,"y":0.22521324455738069,"z":-0.021130654960870744,"w":-0.9764415621757507},"size":4.126819133758545,"orthographic":false}