{"cameraMode":{"drawMode":0,"name":"Shaded","section":"Shading Mode"},"sceneLighting":true,"audioPlay":false,"sceneViewState":{"m_AlwaysRefresh":false,"showFog":true,"showSkybox":true,"showFlares":true,"showImageEffects":true,"showParticleSystems":true,"showVisualEffectGraphs":true,"m_FxEnabled":true},"in2DMode":false,"pivot":{"x":-59.72799301147461,"y":5.022196292877197,"z":16.917280197143556},"rotation":{"x":0.013010894879698754,"y":0.4981188178062439,"z":-0.015188581310212613,"w":-0.8712775111198425},"size":16.60056495666504,"orthographic":false}