{"cameraMode":{"drawMode":0,"name":"Shaded","section":"Shading Mode"},"sceneLighting":true,"audioPlay":false,"sceneViewState":{"m_AlwaysRefresh":false,"showFog":true,"showSkybox":true,"showFlares":true,"showImageEffects":true,"showParticleSystems":true,"showVisualEffectGraphs":true,"m_FxEnabled":true},"in2DMode":false,"pivot":{"x":-55.497886657714847,"y":7.110929012298584,"z":38.053096771240237},"rotation":{"x":-0.059382181614637378,"y":-0.0964341014623642,"z":-0.000028485914299380966,"w":0.9944134950637817},"size":5.138291835784912,"orthographic":false}