{"cameraMode":{"drawMode":0,"name":"Shaded","section":"Shading Mode"},"sceneLighting":true,"audioPlay":false,"sceneViewState":{"m_AlwaysRefresh":false,"showFog":true,"showSkybox":true,"showFlares":true,"showImageEffects":true,"showParticleSystems":true,"showVisualEffectGraphs":true,"m_FxEnabled":true},"in2DMode":false,"pivot":{"x":-46.880001068115237,"y":0.9665189981460571,"z":17.444379806518556},"rotation":{"x":-0.23555220663547517,"y":0.3680778741836548,"z":-0.056694984436035159,"w":-0.9030466079711914},"size":2.6471779346466066,"orthographic":false}